name,adress,distance_km,Distance,Cost,Quality,Taste,Ambience,Links
Beaulieu,"Erlachstrasse None, Bern, 3012",1.010481617,9,6,6,8,8,"https://www.google.com/maps?q=46.9513255,7.4346467"
Zum blauen Engel,"Gesellschaftsstrasse None, Bern, 3012",1.306695759,8.7,7,6,6,8,"https://www.google.com/maps?q=46.95452,7.4327178"
Ali Baba,"Lerchenweg None, Bern, 3012",1.404366261,8.6,5,8,8,8,"https://www.google.com/maps?q=46.9539906,7.4307582"
Zebra,"Schwalbenweg None, Bern, 3012",1.829825226,8.2,6,6,8,7,"https://www.google.com/maps?q=46.9555998,7.4256783"
Kirchenfeld,"Thunstrasse 5, Bern, 3005",0.558605184,9.4,4,7,7,7,"https://www.google.com/maps?q=46.9436093,7.4505679"
Ambassador,"Thunstrasse 2, Bern, 3005",0.591386964,9.4,5,6,6,7,"https://www.google.com/maps?q=46.9432228,7.4504174"
Altes Tramdepot,"Grosser Muristalden None, Bern, 3006",0.964850537,9,5,6,6,6,"https://www.google.com/maps?q=46.9475089,7.4596534"
Muhlirad,"Nydeggtreppe None, Bern, 3011",0.801354827,9.2,6,8,8,7,"https://www.google.com/maps?q=46.948331,7.4575151"
Fischerstubli,"Gerberngasse 41, Bern, 3011",0.720231475,9.3,7,8,7,7,"https://www.google.com/maps?q=46.9471244,7.4563737"
Zahringer,"Badgasse None, Bern, 3011",0.48026102,9.5,6,7,8,8,"https://www.google.com/maps?q=46.9463221,7.4528131"
Du Nord,"Lorrainestrasse None, Bern, 3013",0.763694041,9.2,7,6,8,6,"https://www.google.com/maps?q=46.9548055,7.4456326"
UNIess,"Schanzeneckstrasse 1, Bern, 3012",0.894340269,9.1,6,8,6,6,"https://www.google.com/maps?q=46.9501111,7.4356639"
Dampfzentrale,"Marzilistrasse 47, Bern, 3005",0.852729499,9.1,6,7,6,7,"https://www.google.com/maps?q=46.940558,7.4442865"
Grosse Schanze,"Parkterrasse 10, Bern, 3012",0.671073637,9.3,5,7,6,7,"https://www.google.com/maps?q=46.949584,7.4384939"
Casa Novo,"Lauferplatz None, Bern, 3011",0.834499522,9.2,4,7,8,8,"https://www.google.com/maps?q=46.9497684,7.4576532"
Pappelapapp,"Marzilistrasse 25, Bern, 3005",0.565721614,9.4,7,6,8,8,"https://www.google.com/maps?q=46.9434176,7.4437685"
Brasserie Obstberg,"Bantigerstrasse None, Bern, 3006",1.19836287,8.8,5,7,8,8,"https://www.google.com/maps?q=46.9475053,7.4627244"
Grotto Ticino,"Herzogstrasse None, Bern, 3013",1.327768713,8.7,7,7,7,7,"https://www.google.com/maps?q=46.9586076,7.4550161"
Bivo,"Herzogstrasse 2, Bern, 3014",1.340701726,8.7,5,7,7,6,"https://www.google.com/maps?q=46.9581818,7.4564389"
ElfenauPark,"Elfenauweg 50, Bern, 3006",1.952868754,8,6,7,7,7,"https://www.google.com/maps?q=46.9367029,7.4666416"
Ristorante Pizzeria Benigni,"Jupiterstrasse 15, Bern, 3015",2.744380009,7.3,6,8,8,7,"https://www.google.com/maps?q=46.9395452,7.4808659"
Egghozli,"Weltpoststrasse 16, Bern, 3015",2.477817979,7.5,7,8,7,8,"https://www.google.com/maps?q=46.9375968,7.4757817"
Anker,"Schmiedenplatz None, Bern, 3011",0.053532323,9.9,7,6,7,6,"https://www.google.com/maps?q=46.9484579,7.4472176"
La Carbonara,"Quartiergasse 3, Bern, 3013",1.117081613,8.9,7,6,7,8,"https://www.google.com/maps?q=46.9580433,7.4465318"
Hof-Bistro,"Hofweg None, Bern, 3013",1.050896089,8.9,4,7,6,6,"https://www.google.com/maps?q=46.957451,7.4467117"
Okra,"Lorrainestrasse None, Bern, 3013",0.918093811,9.1,4,6,8,6,"https://www.google.com/maps?q=46.9561265,7.4448525"
Thormeli,"Thormannmatteliweg None, Bern, 3004",2.677424386,7.3,4,6,8,6,"https://www.google.com/maps?q=46.9707192,7.4586736"
Ristaurante Pizzeria Settebello,"Freiburgstrasse None, Bern, 3008",2.229895036,7.8,5,8,9,7,"https://www.google.com/maps?q=46.9463221,7.4178124"
Eymatt 62,"Wohlenstrasse None, Bern, 3027",5.127694725,4.9,6,6,8,8,"https://www.google.com/maps?q=46.9640973,7.3838708"
Jager,"Murtenstrasse None, Bern, 3027",3.710102547,6.3,4,8,6,7,"https://www.google.com/maps?q=46.9489056,7.3982836"
Da Carlo,"Seilerstrasse None, Bern, 3008",0.926513364,9.1,7,8,7,8,"https://www.google.com/maps?q=46.9459784,7.4351935"
National,"Maulbeerstrasse None, Bern, 3007",0.776628062,9.2,6,6,7,6,"https://www.google.com/maps?q=46.9461485,7.4371636"
Falken,"Munstergasse None, Bern, 3011",0.149078385,9.9,7,8,8,7,"https://www.google.com/maps?q=46.9476025,7.4488702"
cinematte,"Wasserwerkgasse None, Bern, 3011",0.784304045,9.2,7,6,8,7,"https://www.google.com/maps?q=46.946615,7.4571016"
dr Suder,"Weissensteinstrasse None, Bern, 3007",1.768753132,8.2,6,8,6,8,"https://www.google.com/maps?q=46.9385585,7.4283012"
Bahnhof Weissenbuhl,"Chutzenstrasse None, Bern, 3007",1.820696594,8.2,4,8,7,8,"https://www.google.com/maps?q=46.9362287,7.4303738"
Toscana,"Seftigenstrasse None, Bern, 3007",1.583164261,8.4,4,6,7,8,"https://www.google.com/maps?q=46.9378401,7.4324293"
Brasserie Barengraben,"Grosser Muristalden 1, Bern, 3006",0.943729094,9.1,6,8,7,9,"https://www.google.com/maps?q=46.9485322,7.459372"
Eiger,"Eigerplatz None, Bern, 3007",1.400664934,8.6,4,8,8,7,"https://www.google.com/maps?q=46.9415952,7.4311571"
Nari,"Belpstrasse None, Bern, 3007",1.379043599,8.6,5,6,8,8,"https://www.google.com/maps?q=46.9418223,7.4312926"
da Nino,"Philosophenweg None, Bern, 3007",1.361092916,8.6,7,7,7,8,"https://www.google.com/maps?q=46.9420149,7.4314041"
Yaadein,"Mattenhofstrasse None, Bern, 3007",1.27849953,8.7,7,7,6,8,"https://www.google.com/maps?q=46.9429002,7.4319485"
Piccola Napoli,"Monbijoustrasse None, Bern, 3008",0.982542607,9,6,6,8,8,"https://www.google.com/maps?q=46.9432488,7.4361178"
federal,"Barenplatz None, Bern, 3011",0.236828958,9.8,4,6,8,8,"https://www.google.com/maps?q=46.9474101,7.4440108"
Roschtigrabe,"Barenplatz 11, Bern, 3011",0.228550817,9.8,6,7,7,7,"https://www.google.com/maps?q=46.947796,7.4440127"
Santa Lucia,"Barenplatz None, Bern, 3011",0.22965407,9.8,4,7,6,6,"https://www.google.com/maps?q=46.9478846,7.4439881"
Piazza Italia,"Barenplatz None, Bern, 3011",0.232093106,9.8,5,7,7,8,"https://www.google.com/maps?q=46.9480522,7.4439523"
Da Vinci,"Waisenhausplatz None, Bern, 3011",0.282772235,9.7,6,7,7,7,"https://www.google.com/maps?q=46.9484276,7.4433385"
Molino,"Waisenhausplatz None, Bern, 3011",0.237198353,9.8,5,6,6,6,"https://www.google.com/maps?q=46.9486,7.44401"
Luce,"Waisenhausplatz None, Bern, 3011",0.237901559,9.8,6,7,6,6,"https://www.google.com/maps?q=46.9492827,7.4444986"
Oliv,"Waisenhausplatz None, Bern, 3011",0.295327171,9.7,4,8,8,7,"https://www.google.com/maps?q=46.94969,7.4440069"
Schalander,"Zeughausgasse None, Bern, 3011",0.077245857,9.9,7,8,6,7,"https://www.google.com/maps?q=46.9486658,7.4467097"
piu,"Zeughausgasse None, Bern, 3011",0.102417282,9.9,4,6,8,7,"https://www.google.com/maps?q=46.9488891,7.4473524"
Ringgenberg,"Grabenpromenade None, Bern, 3011",0.105471207,9.9,7,8,8,7,"https://www.google.com/maps?q=46.94874,7.447867"
Trattoria Sempre,"Zytglogge-Passage None, Bern, 3011",0.061487864,9.9,5,8,7,8,"https://www.google.com/maps?q=46.9482752,7.4477006"
Lorenzini,"Theaterplatz None, Bern, 3011",0.059945956,9.9,4,10,9,9,"https://www.google.com/maps?q=46.9476682,7.4476207"
Zimmermania,"Brunngasse 19, Bern, 3011",0.213801032,9.8,5,8,6,6,"https://www.google.com/maps?q=46.9488688,7.4495055"
Zunft zu Webern,"Gerechtigkeitsgasse None, Bern, 3011",0.451618899,9.5,4,6,8,6,"https://www.google.com/maps?q=46.9483345,7.4529121"
Krone,"Gerechtigkeitsgasse None, Bern, 3011",0.462105814,9.5,5,7,7,8,"https://www.google.com/maps?q=46.9482676,7.4530574"
Zehendermatteli,"Reichenbachstrasse 161, Bern, 3004",3.511969701,6.5,4,6,6,8,"https://www.google.com/maps?q=46.9795319,7.44418"
Ristorante Aurelis,"Bumplizstrasse 12, Bern, 3027",3.83847505,6.2,6,8,7,8,"https://www.google.com/maps?q=46.9487728,7.3965921"
Mona Lisa,"Kornweg None, Bern, 3027",4.118802296,5.9,5,7,8,8,"https://www.google.com/maps?q=46.9500985,7.3929834"
Restaurant Neubruck,"Neubruckstrasse 204, Bern, 3012",3.126867711,6.9,6,9,7,9,"https://www.google.com/maps?q=46.9730715,7.4283784"
Blumenfeld,"Murtenstrasse 265, Bern, 3027",4.132999575,5.9,5,6,7,7,"https://www.google.com/maps?q=46.9489179,7.3927272"
Chu Garden,"Seftigenstrasse None, Bern, 3007",1.683554567,8.3,5,8,8,6,"https://www.google.com/maps?q=46.9362486,7.4330527"
andstation,"Seftigenstrasse None, Bern, 3007",1.695820514,8.3,4,8,7,6,"https://www.google.com/maps?q=46.9359372,7.4333667"
Lotschberg,"Zeughausgasse None, Bern, 3011",0.170670484,9.8,6,8,8,7,"https://www.google.com/maps?q=46.9491041,7.4454423"
Mishio,"Barenplatz 2, Bern, 3011",0.275261358,9.7,6,8,8,8,"https://www.google.com/maps?q=46.9479829,7.4433844"
Il Profeta,"Winkelriedstrasse 56, Bern, 3014",1.878867953,8.1,7,6,6,8,"https://www.google.com/maps?q=46.9637361,7.4560047"
Mekong,"Zytglogge-Passage None, Bern, 3011",0.085192077,9.9,5,6,8,6,"https://www.google.com/maps?q=46.9482359,7.4480647"
Pizzeria L'Angolo,"Weissensteinstrasse None, Bern, 3008",2.316372369,7.7,5,8,9,7,"https://www.google.com/maps?q=46.9407934,7.4184531"
Rosengarten,"Alter Aargauerstalden 31b, Bern, 3006",1.081998666,8.9,5,7,8,8,"https://www.google.com/maps?q=46.950927,7.460555"
Sous le Pont,"Neubruckstrasse 8, Bern, 3012",0.72860837,9.3,7,7,6,6,"https://www.google.com/maps?q=46.9528647,7.4405862"
Azzurro,"Murtenstrasse 2, Bern, 3008",1.42649044,8.6,5,6,7,6,"https://www.google.com/maps?q=46.9483374,7.4282688"
Casa d'Italia,"Buhlstrasse None, Bern, 3012",1.239117857,8.8,4,8,8,6,"https://www.google.com/maps?q=46.9526763,7.4322247"
Black,"Amthausgasse None, Bern, 3011",0.063199442,9.9,4,8,8,8,"https://www.google.com/maps?q=46.9474365,7.4468902"
Domino,"Schwanengasse None, Bern, 3011",0.611041232,9.4,7,7,6,8,"https://www.google.com/maps?q=46.9469538,7.4391205"
Ludmilla,"Flurstrasse None, Bern, 3014",1.480322482,8.5,4,7,7,8,"https://www.google.com/maps?q=46.9611333,7.4502091"
Seidenhof,"Zahringerstrasse None, Bern, 3012",1.392175681,8.6,7,7,6,8,"https://www.google.com/maps?q=46.9561684,7.4331378"
Kairo,"Dammweg None, Bern, 3013",1.190688406,8.8,4,6,7,7,"https://www.google.com/maps?q=46.9587028,7.446406"
Romer,"Romerweg None, Bern, 3013",1.157404169,8.8,5,7,7,8,"https://www.google.com/maps?q=46.9583991,7.4477306"
Schongrun,"Monument im Fruchtland None, Bern, 3006",2.064203811,7.9,7,6,6,6,"https://www.google.com/maps?q=46.9500279,7.4739526"
Pflaumen Garden,"Thunstrasse 115, Bern, 3006",1.57730154,8.4,7,6,7,6,"https://www.google.com/maps?q=46.9418075,7.46564"
Pokhara Nepali Kitchen,"Thunstrasse 93, Bern, 3006",1.414090035,8.6,7,8,8,6,"https://www.google.com/maps?q=46.9412968,7.4627853"
Steinhalle,"Helvetiaplatz 5, Bern, 3000",0.575606805,9.4,5,10,10,9,"https://www.google.com/maps?q=46.9429595,7.4487291"
Amma Masala,"Sonnenhofweg None, Bern, 3006",1.977148888,8,5,8,7,7,"https://www.google.com/maps?q=46.9439815,7.4722982"
angelibeck,"Schwarztorstrasse None, Bern, 3008",1.183354218,8.8,7,8,8,8,"https://www.google.com/maps?q=46.9446901,7.4322271"
Calabrisella,"Weingartstrasse None, Bern, 3014",1.709097945,8.3,6,7,8,8,"https://www.google.com/maps?q=46.9623208,7.4551664"
Roseto,"Spitalackerstrasse None, Bern, 3013",1.047633126,9,5,6,7,6,"https://www.google.com/maps?q=46.9537549,7.4578977"
Buner,"Kasernenstrasse None, Bern, 3013",1.252818007,8.7,7,8,6,6,"https://www.google.com/maps?q=46.9571668,7.456573"
Strada,"Giacomettistrasse None, Bern, 3006",1.993300581,8,7,6,8,8,"https://www.google.com/maps?q=46.9452602,7.4728748"
Migros Restaurant,"Giacomettistrasse 15, Bern, 3006",1.937092157,8.1,4,7,8,8,"https://www.google.com/maps?q=46.945555,7.4721923"
Dolce Vita,"Scheibenstrasse None, Bern, 3014",1.511583425,8.5,4,7,6,7,"https://www.google.com/maps?q=46.9608671,7.4534189"
Lokal,"Rutlistrasse None, Bern, 3013",1.414441665,8.6,6,6,6,6,"https://www.google.com/maps?q=46.9587854,7.4568571"
Migros Restaurant,"Wankdorffeldstrasse 71, Bern, 3014",2.319888041,7.7,4,8,7,9,"https://www.google.com/maps?q=46.9656875,7.463173"
Campania,"Zentweg 19, Bern, 3006",2.312179541,7.7,6,6,8,6,"https://www.google.com/maps?q=46.9563167,7.4748399"
tulsi,"Freiestrasse None, Bern, 3012",1.819200556,8.2,4,8,6,8,"https://www.google.com/maps?q=46.9543139,7.424953"
Waldheim,"Freiestrasse None, Bern, 3012",1.701350096,8.3,7,7,6,7,"https://www.google.com/maps?q=46.9541574,7.4265394"
Aloha Burger,"Mittelholzerstrasse None, Bern, 3006",2.659263726,7.3,6,7,7,8,"https://www.google.com/maps?q=46.9590043,7.4780182"
Caledonia,"Mingerstrasse 16, Bern, 3014",1.875010348,8.1,7,7,7,8,"https://www.google.com/maps?q=46.9578432,7.4670016"
Restaurant & Bar ALLMEND,"Tschappatstrasse 6, Bern, 3014",2.04802318,8,5,9,8,9,"https://www.google.com/maps?q=46.9599715,7.4674497"
Arena Restaurant,"Tschappatstrasse 12, Bern, 3014",1.981210652,8,6,8,8,8,"https://www.google.com/maps?q=46.9583091,7.4682301"
Warteck,"Freiestrasse None, Bern, 3012",1.596368149,8.4,4,6,6,8,"https://www.google.com/maps?q=46.9538448,7.4278455"
Altenberg,"Altenbergrain None, Bern, 3013",0.348578036,9.7,5,8,6,7,"https://www.google.com/maps?q=46.951134,7.4471437"
Restaurant Giardino,"Kornhausstrasse 3, Bern, 3013",0.583749255,9.4,6,8,7,8,"https://www.google.com/maps?q=46.9530929,7.4488673"
Del Gusto,"Spitalackerstrasse None, Bern, 3013",1.010816551,9,4,6,7,8,"https://www.google.com/maps?q=46.9563407,7.4522871"
Hellys,"Schwanengasse None, Bern, 3011",0.641258613,9.4,4,6,6,7,"https://www.google.com/maps?q=46.9467151,7.4387885"
Treffpunkt,"Papiermuhlestrasse None, Bern, 3014",1.3085013,8.7,7,7,8,8,"https://www.google.com/maps?q=46.9557116,7.4599859"
3dosha ayurveda,"Moserstrasse 25, Bern, 3014",1.099959144,8.9,6,7,7,8,"https://www.google.com/maps?q=46.9571464,7.4525114"
Lory,"Konizstrasse 7, Bern, 3008",1.996533574,8,6,7,8,6,"https://www.google.com/maps?q=46.9441128,7.4213972"
India4u,"Kapellenstrasse None, Bern, 3007",1.061576666,8.9,7,9,9,6,"https://www.google.com/maps?q=46.9454979,7.4335432"
Suban Thai Eatery,"Romerweg None, Bern, 3014",1.154171258,8.8,7,8,9,7,"https://www.google.com/maps?q=46.9583817,7.4471237"
Michelangelo,"Stauffacherplatz None, Bern, 3014",1.489102244,8.5,4,7,7,8,"https://www.google.com/maps?q=46.9603909,7.4544306"
Eleven,"Papiermuhlestrasse 71, Bern, 3014",2.085554338,7.9,5,8,6,6,"https://www.google.com/maps?q=46.9621055,7.4650634"
Coop Restaurant,"Papiermuhlestrasse None, Bern, 3014",2.080145632,7.9,4,7,7,8,"https://www.google.com/maps?q=46.962292,7.4646381"
Chez SBB,"Wylerstrasse 125, Bern, 3014",1.492738749,8.5,4,7,8,8,"https://www.google.com/maps?q=46.9614225,7.4464629"
Wylerhuus,"Wylerringstrasse None, Bern, 3014",1.849160421,8.2,6,6,7,7,"https://www.google.com/maps?q=46.9641604,7.4527535"
mensa Five,"Lorrainestrasse 5a, Bern, 3013",0.893313674,9.1,5,8,6,8,"https://www.google.com/maps?q=46.9558918,7.4447901"
Veranda,"Schanzeneckstrasse 25, Bern, 3012",1.115037012,8.9,6,7,8,7,"https://www.google.com/maps?q=46.9503977,7.4327778"
Namsan,"Lorrainestrasse None, Bern, 3013",1.011304877,9,4,7,6,7,"https://www.google.com/maps?q=46.9569927,7.4449947"
Bayou Bar & Grill,"Hofweg None, Bern, 3013",1.008083086,9,6,8,6,6,"https://www.google.com/maps?q=46.9569712,7.4450707"
Nuda,"Morillonstrasse None, Bern, 3007",1.512647513,8.5,4,7,7,6,"https://www.google.com/maps?q=46.9366823,7.4359715"
Serini Kantine,"Friedheimweg None, Bern, 3007",1.526458965,8.5,6,7,7,7,"https://www.google.com/maps?q=46.9358231,7.4377355"
Wylerbad,"Scheibenstrasse 65e, Bern, 3014",1.956418087,8,7,6,6,6,"https://www.google.com/maps?q=46.9652021,7.4524241"
al parco,"Stauffacherstrasse 65, Bern, 3014",2.114511456,7.9,4,6,8,8,"https://www.google.com/maps?q=46.9663233,7.4544525"
Litten Greek Taverna,"Burenstrasse None, Bern, 3007",1.312719521,8.7,4,7,6,8,"https://www.google.com/maps?q=46.9373695,7.4394939"
Tangi-Curry,"Eigerstrasse None, Bern, 3007",1.068930328,8.9,8,8,10,6,"https://www.google.com/maps?q=46.9395675,7.4402537"
Maharani Palace,"Sulgenauweg 38, Bern, 3007",1.38667726,8.6,5,6,6,7,"https://www.google.com/maps?q=46.9377931,7.436531"
Taishi,"Seftigenstrasse None, Bern, 3007",1.622571323,8.4,7,6,8,6,"https://www.google.com/maps?q=46.9342461,7.4398684"
Da Rina,"Eigerplatz None, Bern, 3007",1.456084567,8.5,6,8,8,8,"https://www.google.com/maps?q=46.941157,7.4306926"
Mezze de Beirut,"Philosophenweg None, Bern, 3007",1.331159163,8.7,4,7,7,6,"https://www.google.com/maps?q=46.9419805,7.4318855"
Perla Nera,"Seftigenstrasse 32, Bern, 3007",1.674830049,8.3,6,6,7,7,"https://www.google.com/maps?q=46.9370386,7.4319093"
Villa Stucki,"Seftigenstrasse None, Bern, 3007",1.458578882,8.5,4,8,7,7,"https://www.google.com/maps?q=46.9392316,7.432749"
Spysi,"Junkerngasse 30, Bern, 3011",0.537142233,9.5,5,6,7,8,"https://www.google.com/maps?q=46.9478937,7.4540539"
Brunnhof,"Lilienweg None, Bern, 3007",1.488831011,8.5,5,7,8,7,"https://www.google.com/maps?q=46.9439936,7.4283398"
Fu Lin,"Schwarztorstrasse None, Bern, 3007",1.380377548,8.6,7,6,6,6,"https://www.google.com/maps?q=46.9447836,7.4294875"
Kabul,"Morillonstrasse 8, Bern, 3007",1.537703863,8.5,7,8,7,6,"https://www.google.com/maps?q=46.9364737,7.4358352"
YIKOU SUSHI Garden,"Weissensteinstrasse 6a, Bern, 3008",2.548342995,7.5,8,8,10,6,"https://www.google.com/maps?q=46.9415327,7.4148881"
Trattoria Bella Italia,"Freiburgstrasse None, Bern, 3008",3.254114381,6.7,5,7,9,7,"https://www.google.com/maps?q=46.9424909,7.4050217"
O Cantino,"Freiburgstrasse None, Bern, 3008",2.825262544,7.2,4,8,6,6,"https://www.google.com/maps?q=46.9424677,7.4107807"
Caffe Italia,"Schlossstrasse 129, Bern, 3008",2.836481809,7.2,7,7,8,6,"https://www.google.com/maps?q=46.9436979,7.4102764"
Weyermannshaus,"Bahnstrasse 22, Bern, 3008",2.531093915,7.5,4,8,7,7,"https://www.google.com/maps?q=46.9479929,7.4137529"
Can Grillhaus,"Freiburgstrasse 18, Bern, 3010",1.709948076,8.3,4,8,7,8,"https://www.google.com/maps?q=46.9496815,7.4246733"
Bigote Verde,"Zieglerstrasse None, Bern, 3008",1.370943642,8.6,6,6,7,6,"https://www.google.com/maps?q=46.9477884,7.4289947"
Rialto,"Aarbergergasse None, Bern, 3011",0.30090509,9.7,5,7,7,7,"https://www.google.com/maps?q=46.9495071,7.4437168"
Casa Marcello,"Aarbergergasse 19, Bern, 3011",0.332770943,9.7,5,8,6,8,"https://www.google.com/maps?q=46.9493437,7.443094"
Namaste India City Restaurant,"Neuengass-Passage 3, Bern, 3011",0.311539627,9.7,7,7,9,6,"https://www.google.com/maps?q=46.9492518,7.4433387"
Aarbergerhof,"Aarbergerhof None, Bern, 3011",0.404237647,9.6,6,6,6,6,"https://www.google.com/maps?q=46.9499881,7.442554"
Nooch Asian Kitchen,"Aarbergergasse 52, Bern, 3011",0.429415744,9.6,6,7,9,6,"https://www.google.com/maps?q=46.9498468,7.4420458"
Holy Cow! Gourmet Burger Co.,"Aarbergergasse None, Bern, 3011",0.384032041,9.6,4,8,6,8,"https://www.google.com/maps?q=46.9497246,7.4426291"
musigbistrot,"Muhlemattstrasse None, Bern, 3007",1.19544099,8.8,7,7,6,8,"https://www.google.com/maps?q=46.9425205,7.4334896"
Pittaria,"Falkenplatz 1, Bern, 3012",0.901143471,9.1,7,8,7,6,"https://www.google.com/maps?q=46.9505105,7.4357448"
Cavallo Star,"Bubenbergplatz 8, Bern, 3011",0.666160431,9.3,7,6,8,6,"https://www.google.com/maps?q=46.9475754,7.4382717"
Le Carrousel,"Hallerstrasse 1, Bern, 3012",0.985617519,9,6,6,8,6,"https://www.google.com/maps?q=46.9515314,7.4351244"
Allresto,"Effingerstrasse 20, Bern, 3008",0.993473422,9,5,6,6,7,"https://www.google.com/maps?q=46.9461258,7.4342407"
chlyne Hecht,"Seidenweg None, Bern, 3012",1.30254028,8.7,7,6,7,6,"https://www.google.com/maps?q=46.9540375,7.4323361"
La Vita,"Engestrasse None, Bern, 3012",1.232609853,8.8,6,8,6,6,"https://www.google.com/maps?q=46.9570893,7.4377268"
Arirang,"Wallgasse None, Bern, 3011",0.683782136,9.3,4,8,6,8,"https://www.google.com/maps?q=46.9464162,7.4383212"
Cafe Neufeld,"Neubruckstrasse 166, Bern, 3012",2.03207946,8,7,9,9,9,"https://www.google.com/maps?q=46.963175,7.4321173"
da Bucolo,"Amthausgasse None, Bern, 3011",0.074103603,9.9,7,8,7,7,"https://www.google.com/maps?q=46.9474238,7.4465106"
The BEEF,"Kramgasse None, Bern, 3011",0.130864896,9.9,6,6,8,6,"https://www.google.com/maps?q=46.9481471,7.4487055"
Restaurant Berner Technologiepark,"Morgenstrasse None, Bern, 3018",4.62566677,5.4,4,9,8,7,"https://www.google.com/maps?q=46.9345906,7.3894886"
Postgasse,"Postgasse None, Bern, 3011",0.559196284,9.4,6,6,6,7,"https://www.google.com/maps?q=46.9490126,7.454195"
Goldener Schlussel,"Rathausgasse None, Bern, 3011",0.146889375,9.9,5,8,7,8,"https://www.google.com/maps?q=46.9486119,7.4487101"
Tre Fratelli,"Laupenstrasse 17, Bern, 3008",0.919641491,9.1,5,6,8,8,"https://www.google.com/maps?q=46.9471272,7.4349876"
Coop Restaurant,"Starnewagli None, Bern, 3018",4.291607574,5.7,4,9,7,8,"https://www.google.com/maps?q=46.9411104,7.3915363"
Verdi,"Gerechtigkeitsgasse None, Bern, 3011",0.639127715,9.4,6,6,7,7,"https://www.google.com/maps?q=46.9484571,7.4553687"
Lumi,"Postgasshalde None, Bern, 3011",0.660681028,9.3,7,6,6,7,"https://www.google.com/maps?q=46.9488462,7.45559"
Harmonie,"Munstergasse None, Bern, 3011",0.106482004,9.9,6,7,6,7,"https://www.google.com/maps?q=46.9475899,7.448264"
Commerce,"Gerechtigkeitsgasse None, Bern, 3011",0.431595344,9.6,4,7,8,7,"https://www.google.com/maps?q=46.948233,7.452659"
Ratskeller,"Gerechtigkeitsgasse None, Bern, 3011",0.41509336,9.6,5,6,6,6,"https://www.google.com/maps?q=46.9479084,7.4524508"
Barenhofli,"Zeughausgasse 41, Bern, 3011",0.219438931,9.8,5,9,8,7,"https://www.google.com/maps?q=46.9490008,7.4445155"
Zum ausseren Stand,"Zeughausgasse None, Bern, 3011",0.117330779,9.9,4,7,6,8,"https://www.google.com/maps?q=46.948748,7.4459127"
Cha Cha Thai,"Von-Werdt-Passage None, Bern, 3011",0.401912185,9.6,8,7,8,7,"https://www.google.com/maps?q=46.9484601,7.4417636"
Soriya Asia Restaurant,"Zibelegassli None, Bern, 3011",0.111464394,9.9,8,9,8,7,"https://www.google.com/maps?q=46.9483873,7.4483505"
Della Casa,"Storchengasschen None, Bern, 3011",0.360939924,9.6,6,8,7,7,"https://www.google.com/maps?q=46.9474877,7.4423183"
Ligu Lehm,"Muhlenplatz None, Bern, 3011",0.718231327,9.3,6,8,7,8,"https://www.google.com/maps?q=46.9470678,7.4563355"
Dogan,"Freiburgstrasse 123, Bern, 3008",2.811339685,7.2,4,6,7,7,"https://www.google.com/maps?q=46.9430694,7.4107821"
Dicle Pizza,"Rehhagstrasse 2, Bern, 3018",4.526531244,5.5,6,8,7,7,"https://www.google.com/maps?q=46.9392919,7.3889223"
Osteria da Santo,"Bernstrasse 79, Bern, 3018",4.173390936,5.8,5,7,7,7,"https://www.google.com/maps?q=46.9409166,7.3931688"
Lo Stuzzichino,"Rathausgasse None, Bern, 3011",0.296293947,9.7,4,7,6,8,"https://www.google.com/maps?q=46.9483829,7.4508516"
Time out,"Papiermuhlestrasse None, Bern, 3014",1.298995712,8.7,7,6,6,6,"https://www.google.com/maps?q=46.9568043,7.4582192"
Bella Vita,"Bolligenstrasse 52, Bern, 3006",1.785706499,8.2,5,6,7,7,"https://www.google.com/maps?q=46.9558307,7.4674815"
Marzilibrucke,"Bruckenstrasse None, Bern, 3007",0.392717502,9.6,7,6,6,6,"https://www.google.com/maps?q=46.9448768,7.4445896"
Nooch,"Viktoriaplatz 1, Bern, 3013",0.854474187,9.1,6,6,7,6,"https://www.google.com/maps?q=46.954986,7.4516808"
Visana Laubegg,"Laubeggstrasse None, Bern, 3006",1.405009437,8.6,6,6,8,8,"https://www.google.com/maps?q=46.9485681,7.4654369"
Grottino by Metzgerstubli,"Dalmaziquai None, Bern, 3005",1.324342587,8.7,7,6,7,8,"https://www.google.com/maps?q=46.9361377,7.4454001"
Kornhauskeller,"Schmiedenplatz None, Bern, 3011",0.078800961,9.9,3,9,9,9,"https://www.google.com/maps?q=46.9486879,7.4472497"
maimin HAPPY NOODLES,"Herrengasse None, Bern, 3011",0.218965148,9.8,6,6,6,7,"https://www.google.com/maps?q=46.9471883,7.4496206"
Volver,"Rathausplatz None, Bern, 3011",0.39361638,9.6,5,8,8,6,"https://www.google.com/maps?q=46.9483881,7.4521392"
Reiterstrasse Kantonale Verwaltung,"Reiterstrasse None, Bern, 3006",1.326069838,8.7,6,7,7,6,"https://www.google.com/maps?q=46.9536959,7.4623052"
fugu,"Gerechtigkeitsgasse None, Bern, 3011",0.649589467,9.4,7,7,7,7,"https://www.google.com/maps?q=46.9487969,7.455453"
Donsel,"Rathausgasse None, Bern, 3011",0.293213251,9.7,7,7,6,6,"https://www.google.com/maps?q=46.9486068,7.4507482"
Bollwark,"Bollwerk 41, Bern, 3011",0.573737489,9.4,7,8,7,8,"https://www.google.com/maps?q=46.951697,7.4417414"
las alps,"Helvetiaplatz 4, Bern, 3005",0.447922917,9.6,4,6,6,6,"https://www.google.com/maps?q=46.9440292,7.4479979"
Casino,"Frickweg None, Bern, 3011",0.17800515,9.8,7,6,6,6,"https://www.google.com/maps?q=46.9467627,7.4484841"
Volkshaus 1914,"Zeughausgasse None, Bern, 3011",0.079175144,9.9,5,8,6,7,"https://www.google.com/maps?q=46.9486027,7.4464459"
Mont Liban,"Moserstrasse None, Bern, 3013",1.170447518,8.8,5,8,6,8,"https://www.google.com/maps?q=46.9576355,7.4531969"
Papa Joe's,"Schauplatzgasse None, Bern, 3011",0.360076905,9.6,4,7,7,7,"https://www.google.com/maps?q=46.9472616,7.4423948"
VUE,"Bundesterrasse None, Bern, 3011",0.174506248,9.8,5,8,6,6,"https://www.google.com/maps?q=46.9464313,7.4469171"
Taubenhalde A,"Taubenstrasse 16, Bern, 3000",0.633535155,9.4,6,6,7,6,"https://www.google.com/maps?q=46.9442625,7.4407181"
Schloss Bumpliz,"Bumplizstrasse 89, Bern, 3018",4.203448453,5.8,5,8,6,8,"https://www.google.com/maps?q=46.9441405,7.3920761"
Namaste India,"Monbijoustrasse None, Bern, 3007",0.959007899,9,6,8,10,6,"https://www.google.com/maps?q=46.9440749,7.4357829"
O bolles,"Bollwerk None, Bern, 3011",0.573833955,9.4,5,8,8,6,"https://www.google.com/maps?q=46.9514658,7.441414"
Tibits,"Gurtengasse 3, Bern, 3011",0.395092487,9.6,4,6,7,6,"https://www.google.com/maps?q=46.947,7.44202"
Azzurro,"Lindenrain 5, Bern, 3012",1.374868014,8.6,6,8,6,6,"https://www.google.com/maps?q=46.9487525,7.4289738"
Curry Legend,"Langgassstrasse 32, Bern, 3012",1.269342578,8.7,8,8,8,6,"https://www.google.com/maps?q=46.9534739,7.4323668"
Bahnhof Sud,"Bumplizstrasse 189, Bern, 3018",4.061429435,5.9,6,6,7,8,"https://www.google.com/maps?q=46.9379428,7.3957173"
Essort,"Jubilaumsstrasse None, Bern, 3005",1.388641403,8.6,4,8,6,6,"https://www.google.com/maps?q=46.9355219,7.4461654"
El Mexicano,"Spitalgasse 26, Bern, 3011",0.357399899,9.6,4,7,7,8,"https://www.google.com/maps?q=46.9484343,7.4423484"
Trucker,"Gotenstrasse None, Bern, 3018",3.709309646,6.3,4,6,7,6,"https://www.google.com/maps?q=46.9442456,7.3985876"
Mensa vonRoll,"Fabrikstrasse 8, Bern, 3012",1.914722073,8.1,5,6,8,6,"https://www.google.com/maps?q=46.9533972,7.4231148"
Belle Epoque,"Gerechtigkeitsgasse None, Bern, 3011",0.643170914,9.4,4,7,6,6,"https://www.google.com/maps?q=46.9487672,7.4553738"
Nemrut,"Holenackerstrasse 21, Bern, 3027",5.070742285,4.9,7,7,8,8,"https://www.google.com/maps?q=46.9493855,7.3804233"
Migros Restaurant,"Zeughausgasse None, Bern, 3011",0.172434367,9.8,5,8,8,8,"https://www.google.com/maps?q=46.9485977,7.4449099"
Coop Restaurant,"Eymattstrasse None, Bern, 3027",4.171146836,5.8,5,9,7,8,"https://www.google.com/maps?q=46.9507715,7.3923583"
Sternen,"Bumplizstrasse 121, Bern, 3018",4.366741739,5.6,7,6,7,6,"https://www.google.com/maps?q=46.9408357,7.3906067"
Jack's Brasserie,"Schweizerhof-Passage None, Bern, 3011",0.46037119,9.5,2,10,8,9,"https://www.google.com/maps?q=46.9486631,7.4410308"
Mensa Gymnasium Neufeld,"Bremgartenstrasse 133, Bern, 3012",1.832938749,8.2,4,8,8,8,"https://www.google.com/maps?q=46.9589325,7.4289755"
Coop Restaurant,"Aarbergergasse None, Bern, 3011",0.416731751,9.6,6,7,7,8,"https://www.google.com/maps?q=46.9494099,7.4419279"
mille sens,"Schweizerhof-Passage None, Bern, 3011",0.432798387,9.6,2,9,10,9,"https://www.google.com/maps?q=46.9485045,7.4413629"
Piazza,"Weiermattstrasse None, Bern, 3027",5.330453119,4.7,5,7,7,7,"https://www.google.com/maps?q=46.9483029,7.3769832"
Pomodoro,"Neuengasse None, Bern, 3011",0.397398866,9.6,5,7,7,8,"https://www.google.com/maps?q=46.9489429,7.4419648"
La Chouette,"Bollwerk None, Bern, 3011",0.573037486,9.4,6,8,8,7,"https://www.google.com/maps?q=46.9516157,7.4416351"
Lamoon,"Neufeldstrasse None, Bern, 3012",1.499931247,8.5,7,6,7,6,"https://www.google.com/maps?q=46.9568941,7.4321833"
Japigo,"Spitalgasse None, Bern, 3011",0.386353356,9.6,7,8,7,8,"https://www.google.com/maps?q=46.9477382,7.4419395"
Hollyfood,"Schaalgasschen None, Bern, 3011",0.271184538,9.7,5,8,6,6,"https://www.google.com/maps?q=46.948131,7.450557"
Three Kitchen & Bar by Downtown,"Schlusselgasschen None, Bern, 3011",0.169632389,9.8,4,7,6,7,"https://www.google.com/maps?q=46.9483703,7.4491616"
Drei Eidgenossen,"Rathausgasse None, Bern, 3011",0.11950663,9.9,4,6,7,7,"https://www.google.com/maps?q=46.9483473,7.4484856"
Le Pavillon,"Wabernstrasse None, Bern, 3007",1.618857319,8.4,4,7,6,7,"https://www.google.com/maps?q=46.9342345,7.4400644"
Bonbec Bern,"Schlossergasschen None, Bern, 3011",0.215242257,9.8,6,8,8,8,"https://www.google.com/maps?q=46.9486658,7.4496549"
sua,"Munstergasse None, Bern, 3011",0.139163331,9.9,6,6,8,8,"https://www.google.com/maps?q=46.9475735,7.4487186"
Klotzlikeller,"Gerechtigkeitsgasse None, Bern, 3011",0.485992448,9.5,7,8,8,7,"https://www.google.com/maps?q=46.9483137,7.4533673"
Wein & Sein,"Munstergasse None, Bern, 3011",0.206668075,9.8,7,6,8,8,"https://www.google.com/maps?q=46.947586,7.4496465"
Mattehof Gastronomie,"Belpstrasse None, Bern, 3007",1.226275149,8.8,6,6,7,6,"https://www.google.com/maps?q=46.9434438,7.4323312"
Baren,"Matzenriedstrasse 35, Bern, 3019",7.478712574,2.5,5,9,7,7,"https://www.google.com/maps?q=46.9336215,7.3510465"
Piman thai,"Munstergasse None, Bern, 3011",0.22742448,9.8,6,8,9,6,"https://www.google.com/maps?q=46.9472907,7.449802"
Haus der Universitat,"Schlosslistrasse None, Bern, 3008",1.114717224,8.9,5,6,7,6,"https://www.google.com/maps?q=46.946784,7.4324659"
moment,"Antoniergasschen None, Bern, 3011",0.509915828,9.5,4,6,7,7,"https://www.google.com/maps?q=46.9484657,7.4536634"
Arlequin,"Gerechtigkeitsgasse None, Bern, 3011",0.503149934,9.5,5,6,7,7,"https://www.google.com/maps?q=46.9480506,7.4536087"
Sushi Bar,"Kramgasse None, Bern, 3011",0.130026672,9.9,6,9,8,7,"https://www.google.com/maps?q=46.9478139,7.4486862"
Il Ristorantino,"Gesellschaftsstrasse None, Bern, 3012",1.242630037,8.8,4,8,6,7,"https://www.google.com/maps?q=46.9542186,7.4334359"
Restaurant Kleefeld,"Madergutstrasse 5, Bern, 3018",4.759183425,5.2,6,8,7,9,"https://www.google.com/maps?q=46.9370389,7.3865759"
toi et moi,"Milchgassli None, Bern, 3011",0.570384705,9.4,7,6,6,7,"https://www.google.com/maps?q=46.9482701,7.4395181"
Josephine Brasserie,"Engestrasse 54, Bern, 3012",1.552845495,8.4,4,7,7,7,"https://www.google.com/maps?q=46.9609593,7.4393878"
Kramer,"Kramgasse None, Bern, 3011",0.351359801,9.6,7,8,8,8,"https://www.google.com/maps?q=46.9481554,7.4516097"
Tadim Grill,"Seftigenstrasse None, Bern, 3007",1.670249007,8.3,7,7,7,7,"https://www.google.com/maps?q=46.936623,7.432672"
Frohsinn,"Munstergasse 54, Bern, 3011",0.193039877,9.8,7,8,7,7,"https://www.google.com/maps?q=46.9475768,7.4494592"
Pad Thai,"Oberes Gerechtigkeitsgasschen None, Bern, 3011",0.538996924,9.5,6,8,9,8,"https://www.google.com/maps?q=46.948136,7.4540772"
Maharaja Palace,"Aarbergergasse None, Bern, 3011",0.44733308,9.6,7,8,8,8,"https://www.google.com/maps?q=46.9496731,7.441656"
Cowboys,"Speichergasse None, Bern, 3011",0.43811155,9.6,6,8,7,8,"https://www.google.com/maps?q=46.9502636,7.4422891"
Huayuan,"Holligenstrasse 70, Bern, 3008",2.392780201,7.6,6,6,7,7,"https://www.google.com/maps?q=46.9410313,7.4172646"
Mondo,"Langgassstrasse None, Bern, 3012",1.392170826,8.6,5,8,8,8,"https://www.google.com/maps?q=46.9542251,7.4311317"
Kesar,"Steigerhubelstrasse None, Bern, 3008",2.733010877,7.3,7,6,8,6,"https://www.google.com/maps?q=46.949,7.41113"
Noa,"Murtenstrasse 143a, Bern, 3008",2.844578194,7.2,7,7,8,6,"https://www.google.com/maps?q=46.9491001,7.4096693"
Urs Hauri,"Zeughaus-Passage None, Bern, 3011",0.117866768,9.9,4,8,7,7,"https://www.google.com/maps?q=46.948607,7.4457306"
Asmara Restaurant,"Berchtoldstrasse None, Bern, 3012",1.333349049,8.7,5,7,7,7,"https://www.google.com/maps?q=46.9560581,7.4340266"
El Patran,"Kirchenfeldstrasse None, Bern, 3005",1.097045009,8.9,7,6,7,8,"https://www.google.com/maps?q=46.9401955,7.4558181"
Venezia,"Burgunderstrasse None, Bern, 3018",3.788463853,6.2,4,6,7,8,"https://www.google.com/maps?q=46.9408619,7.3983439"
Suresh,"Gerberngasse None, Bern, 3011",0.725497063,9.3,7,8,7,7,"https://www.google.com/maps?q=46.9475902,7.4565109"
daylis,"Brunnenstrasse None, Bern, 3018",4.682377277,5.3,6,6,8,7,"https://www.google.com/maps?q=46.9430208,7.3859289"
Tredicipercento,"Rathausgasse None, Bern, 3011",0.288051536,9.7,4,6,7,7,"https://www.google.com/maps?q=46.9483389,7.4507512"
Namamen,"Schanzenstrasse None, Bern, 3007",0.730317354,9.3,7,7,8,8,"https://www.google.com/maps?q=46.947952,7.4374072"
Chez SBB (Sole),"Wankdorfallee None, Bern, 3014",2.521504834,7.5,4,7,6,6,"https://www.google.com/maps?q=46.9678116,7.463129"
Chez SBB (Gira),"Hilfikerstrasse None, Bern, 3014",2.598931809,7.4,4,6,7,6,"https://www.google.com/maps?q=46.9686048,7.4631305"
Espace,"Wankdorfallee 4, Bern, 3014",2.414469489,7.6,5,7,8,7,"https://www.google.com/maps?q=46.9673404,7.4614328"
mensauno,"Lorrainestrasse None, Bern, 3013",0.783228662,9.2,6,7,7,7,"https://www.google.com/maps?q=46.9548532,7.4446136"
Restaurant 2B,"Schanzlihalde None, Bern, 3013",0.635311325,9.4,6,9,7,9,"https://www.google.com/maps?q=46.9536925,7.4462638"
Gourmet Thai,"Freiburgstrasse None, Bern, 3018",4.11149268,5.9,8,9,10,6,"https://www.google.com/maps?q=46.9372765,7.3953188"
Restaurant BBL - Chez Gustave & Caffe Liscio,"Fellerstrasse None, Bern, 3027",4.502119094,5.5,6,8,8,9,"https://www.google.com/maps?q=46.9463084,7.3879151"
Provisorium 46,"Muesmattstrasse 46, Bern, 3012",1.534455389,8.5,7,8,7,7,"https://www.google.com/maps?q=46.9544008,7.4291414"
Vanakam,"Europaplatz None, Bern, 3008",3.177379643,6.8,4,7,7,8,"https://www.google.com/maps?q=46.9436055,7.4057616"
Hua Guan,"Sempachstrasse None, Bern, 3014",2.098267678,7.9,5,6,7,8,"https://www.google.com/maps?q=46.9628967,7.4639271"
Taj,"Langgassstrasse None, Bern, 3012",1.378653127,8.6,6,7,8,6,"https://www.google.com/maps?q=46.9539354,7.4310987"
Ponte Nuovo,"Neubruckstrasse None, Bern, 3012",1.390013694,8.6,7,6,7,7,"https://www.google.com/maps?q=46.9581282,7.4362924"
Loscher,"Viktoriastrasse 70, Bern, 3013",0.829876026,9.2,5,8,6,6,"https://www.google.com/maps?q=46.9545832,7.4521397"
Ambiente,"Buhlstrasse 5, Bern, 3012",1.417095401,8.6,7,8,6,7,"https://www.google.com/maps?q=46.9491209,7.4284577"
Little Panda,"Effingerstrasse None, Bern, 3008",1.494769759,8.5,7,8,8,7,"https://www.google.com/maps?q=46.945812,7.4276276"
La Tribuna,"Steigerhubelstrasse 55b, Bern, 3008",2.466008849,7.5,6,8,6,8,"https://www.google.com/maps?q=46.9471637,7.4146311"
Da Keli,"Kochergasse None, Bern, 3011",0.156050035,9.8,7,7,8,8,"https://www.google.com/maps?q=46.946631,7.447453"
bimano zent,"Zentweg 1a, Bern, 3006",2.301824201,7.7,7,7,6,8,"https://www.google.com/maps?q=46.9588387,7.4727646"
Prima Luna,"Effingerstrasse None, Bern, 3007",1.384912356,8.6,5,7,6,7,"https://www.google.com/maps?q=46.9459817,7.4290492"
Bay,"Hodlerstrasse None, Bern, 3011",0.502890696,9.5,7,6,8,6,"https://www.google.com/maps?q=46.9515469,7.4429"
Tab-Tim Thai,"Munstergasse 57, Bern, 3011",0.188836387,9.8,6,7,8,8,"https://www.google.com/maps?q=46.9473534,7.4492937"
Freibank,"Stauffacherstrasse 82, Bern, 3014",2.367715095,7.6,6,7,8,8,"https://www.google.com/maps?q=46.9673476,7.4600046"
Cle de Berne,"Schauplatzgasse None, Bern, 3011",0.463548793,9.5,5,8,6,6,"https://www.google.com/maps?q=46.9471914,7.4410267"
Bistro Breiten,"Breitenrainstrasse None, Bern, 3013",0.985131336,9,5,7,7,6,"https://www.google.com/maps?q=46.9567891,7.4486508"
The Bristol Lounge,"Schauplatzgasse None, Bern, 3011",0.333285742,9.7,7,8,6,7,"https://www.google.com/maps?q=46.9475248,7.4426775"
Restaurant Hohe,"Bernstrasse None, Bern, 3018",3.932953341,6.1,6,9,7,8,"https://www.google.com/maps?q=46.9420597,7.3960751"
AVI Restaurant,"Bottigenstrasse 7, Bern, 3018",4.445971526,5.6,4,9,7,7,"https://www.google.com/maps?q=46.9393138,7.3899988"
Sole,"Freiburgstrasse 15, Bern, 3010",1.623908497,8.4,5,7,8,6,"https://www.google.com/maps?q=46.946742,7.4257487"
Restaurant Engehalde,"Engehaldenstrasse 35, Bern, 3012",1.119448023,8.9,4,7,7,9,"https://www.google.com/maps?q=46.9568231,7.4399127"
Massimo Pizza Express,"Morgenstrasse 148, Bern, 3018",4.838255305,5.2,6,8,8,8,"https://www.google.com/maps?q=46.9334797,7.3870968"
ZOE,"Munstergasse 39, Bern, 3011",0.249270399,9.8,4,6,7,6,"https://www.google.com/maps?q=46.9473769,7.4501453"
Mannan's,"Waldheimstrasse None, Bern, 3012",1.689273687,8.3,5,8,7,8,"https://www.google.com/maps?q=46.9553758,7.4275986"
Vierte Wand,"Nageligasse None, Bern, 3011",0.130616835,9.9,4,7,6,8,"https://www.google.com/maps?q=46.9491473,7.4466301"
the flow,"Schanzenstrasse 5, Bern, 3008",0.793803084,9.2,6,8,6,6,"https://www.google.com/maps?q=46.9478449,7.4365755"
cantin eatery,"Rathausgasse 57, Bern, 3011",0.176750749,9.8,4,6,8,8,"https://www.google.com/maps?q=46.9483356,7.4492694"
daylis,"Sulgeneckstrasse None, Bern, 3007",0.948136876,9.1,5,7,6,8,"https://www.google.com/maps?q=46.9406597,7.4406589"
Casa Schwellenmatteli,"Dalmaziquai None, Bern, 3005",0.383041105,9.6,3,9,9,10,"https://www.google.com/maps?q=46.9450191,7.4495233"
Stella,"Freiburgstrasse 18, Bern, 3010",1.715970831,8.3,6,8,8,7,"https://www.google.com/maps?q=46.9488606,7.4244948"
Restaurant Tramway,"Bumplizstrasse None, Bern, 3018",4.366788566,5.6,6,9,7,7,"https://www.google.com/maps?q=46.9415515,7.3904218"
Ka-We-De,"Jubilaumsstrasse None, Bern, 3005",1.432825142,8.6,7,7,8,8,"https://www.google.com/maps?q=46.9351124,7.4472379"
Pizzeria Neufeld,"Bremgartenstrasse None, Bern, 3012",1.833340891,8.2,5,8,7,7,"https://www.google.com/maps?q=46.9603377,7.4310187"
Artigiano,"Spitalgass-Passage None, Bern, 3011",0.327729286,9.7,4,6,8,8,"https://www.google.com/maps?q=46.9485358,7.4427668"
San Gottardo,"Aarbergergasse None, Bern, 3011",0.314343261,9.7,4,7,7,7,"https://www.google.com/maps?q=46.9495652,7.4435612"
Mensa Gesellschaftsstrasse,"Gesellschaftsstrasse 2, Bern, 3012",0.782511671,9.2,5,6,8,7,"https://www.google.com/maps?q=46.9517845,7.4383331"
Manora,"Zu Schmieden None, Bern, 3011",0.032785819,10,4,7,7,6,"https://www.google.com/maps?q=46.9481726,7.4466508"
Cafeteria Chemie,"Freiestrasse None, Bern, 3012",1.454696912,8.5,8,9,7,9,"https://www.google.com/maps?q=46.9527363,7.4291867"
Spiga,"Gilberte-de-Courgenay-Platz 4, Bern, 3027",5.615318652,4.4,7,8,6,6,"https://www.google.com/maps?q=46.9441266,7.37346"
Tara Indian Cuisine,"A1 None, Bern, 3019",5.634653578,4.4,6,9,8,7,"https://www.google.com/maps?q=46.9443121,7.3731849"
Negishi,"Bogenschutzenstrasse 9, Bern, 3011",0.680986504,9.3,6,8,8,8,"https://www.google.com/maps?q=46.9479308,7.4380555"
Nordring,"Winkelriedstrasse None, Bern, 3014",1.973773019,8,7,7,8,8,"https://www.google.com/maps?q=46.9641631,7.4577302"
Gurtenblick,"Niesenweg 1, Bern, 3012",1.321257999,8.7,4,8,7,7,"https://www.google.com/maps?q=46.9489948,7.4297054"
Buffet Nord,"Fellerstrasse None, Bern, 3027",4.242263,5.8,7,7,7,8,"https://www.google.com/maps?q=46.9469027,7.3912995"
Migros Restaurant,"Breitenrainstrasse 11, Bern, 3013",1.247903427,8.8,6,8,8,9,"https://www.google.com/maps?q=46.9582362,7.4537282"
Fabrique28,"Monbijoustrasse None, Bern, 3007",0.975178658,9,7,7,6,7,"https://www.google.com/maps?q=46.9439157,7.4356642"
Flavour Kitchen,"Freiburgstrasse 18, Bern, 3010",1.480780911,8.5,5,6,6,8,"https://www.google.com/maps?q=46.9476613,7.4275556"
City Pizzeria,"Monbijoustrasse None, Bern, 3007",0.965225886,9,7,8,7,8,"https://www.google.com/maps?q=46.9440145,7.4357364"
Tibits,"Bahnhofplatz 10, Bern, 3011",0.512727526,9.5,4,8,7,6,"https://www.google.com/maps?q=46.9486696,7.4403364"
Petit Couteau,"Monbijoustrasse None, Bern, 3007",0.83007978,9.2,8,8,7,9,"https://www.google.com/maps?q=46.9454348,7.4367604"
Oishii,"Aarbergergasse None, Bern, 3011",0.458120347,9.5,6,6,7,6,"https://www.google.com/maps?q=46.9497146,7.4415279"
Star Kebab,"Freiburgstrasse 2a, Bern, 3008",1.477747242,8.5,9,6,7,3,"https://www.google.com/maps?q=46.9481147,7.4275898"
Noumi,"Bundesterrasse None, Bern, 3011",0.187784267,9.8,5,6,6,7,"https://www.google.com/maps?q=46.9463158,7.446811"
Bistro Medi,"Wankdorffeldstrasse None, Bern, 3014",2.430092255,7.6,5,7,8,6,"https://www.google.com/maps?q=46.9663334,7.4643865"
Missione Cattolica Italiana,"Bovetstrasse 1, Bern, 3007",1.220513756,8.8,4,8,7,8,"https://www.google.com/maps?q=46.9410602,7.4345779"
Williams ButchersTable,"Gurtengasse None, Bern, 3011",0.424538501,9.6,6,8,6,8,"https://www.google.com/maps?q=46.9470877,7.441585"
Injera,"Gesellschaftsstrasse None, Bern, 3012",1.2202055,8.8,4,6,6,7,"https://www.google.com/maps?q=46.9543233,7.4338983"
nom nom,"Schutzenweg None, Bern, 3014",1.445797907,8.6,7,6,6,7,"https://www.google.com/maps?q=46.9601297,7.4538513"
Migros Restaurant,"Brunnen None, Bern, 3027",5.590215849,4.4,4,9,7,7,"https://www.google.com/maps?q=46.9457136,7.3736474"
Yooji's,"Gilberte-de-Courgenay-Platz 4, Bern, 3027",5.655566481,4.3,5,8,7,7,"https://www.google.com/maps?q=46.9440219,7.3729417"
Da Rina,"Tscharnerstrasse None, Bern, 3007",1.482193793,8.5,7,8,9,8,"https://www.google.com/maps?q=46.9407874,7.4306266"
Hallers Brasserie,"Hallerstrasse 33, Bern, 3012",1.013814192,9,6,7,8,9,"https://www.google.com/maps?q=46.9537271,7.4366361"
Nooch,"None 4, Bern, 3027",5.537150301,4.5,6,8,8,7,"https://www.google.com/maps?q=46.9446702,7.3744319"
Migros Restaurant,"Riedbachstrasse 10, Bern, 3027",4.849593048,5.2,4,9,8,8,"https://www.google.com/maps?q=46.9475682,7.3833017"
Luna,"Wankdorfallee None, Bern, 3014",2.653861031,7.3,4,6,6,6,"https://www.google.com/maps?q=46.9686511,7.4644906"
Turbo Lama,"Hilfikerstrasse 4, Bern, 3014",2.599063494,7.4,6,8,7,7,"https://www.google.com/maps?q=46.9682653,7.4640267"
WerkStadt Lorraine,"Lorrainestrasse 20, Bern, 3013",0.940176977,9.1,7,7,6,6,"https://www.google.com/maps?q=46.9563625,7.4451577"
Qin,"Speichergasse 29, Bern, 3011",0.395089983,9.6,6,6,6,6,"https://www.google.com/maps?q=46.9500934,7.4428061"
Romy,"Rathausgasse 11, Bern, 3011",0.346032665,9.7,7,7,7,8,"https://www.google.com/maps?q=46.9483801,7.4515113"
Asino,"Casinoplatz None, Bern, 3011",0.090319269,9.9,4,6,8,6,"https://www.google.com/maps?q=46.9473814,7.4477691"
Asia Hock,"Monbijoustrasse None, Bern, 3007",0.946281606,9.1,6,8,10,8,"https://www.google.com/maps?q=46.9437576,7.4362244"
ASIA Take Away & Partyservice,"Stauffacherstrasse 73, Bern, 3014",2.251338761,7.7,10,6,6,4,"https://www.google.com/maps?q=46.9668431,7.4578368"
Celina,"Wyttenbachstrasse None, Bern, 3013",0.821776465,9.2,4,6,6,6,"https://www.google.com/maps?q=46.955392,7.4470493"
le vivant,"Guterstrasse None, Bern, 3008",2.138114931,7.9,5,8,7,6,"https://www.google.com/maps?q=46.9466694,7.4189825"
Restaurant Yu,"Kornhausstrasse 3, Bern, 3013",0.596817565,9.4,5,9,7,8,"https://www.google.com/maps?q=46.9532271,7.4487876"
Rooftop Grill,"Kornhausstrasse 3, Bern, 3013",0.589927757,9.4,5,7,6,7,"https://www.google.com/maps?q=46.9531895,7.4486186"
Aminos Creperie & Gelateria,"Spitalgasse 38, Bern, 3011",0.421794689,9.6,7,8,9,8,"https://www.google.com/maps?q=46.9482023,7.4414674"
Surang,"Munstergasse 55, Bern, 3011",0.193815815,9.8,7,6,6,8,"https://www.google.com/maps?q=46.9473507,7.4493627"
Tres Amigos,"Riedbachstrasse None, Bern, 3027",5.684277993,4.3,6,8,7,7,"https://www.google.com/maps?q=46.9438908,7.3725787"
Darling Restaurant,"Kasernenstrasse 29, Bern, 3013",1.255481468,8.7,6,8,8,7,"https://www.google.com/maps?q=46.9570012,7.4569605"
Sapori d'Italia,"Papiermuhlestrasse None, Bern, 3014",2.114143099,7.9,6,8,7,8,"https://www.google.com/maps?q=46.9626116,7.4647767"
DOCK8,"Holligerhof 8, Bern, 3008",2.384414596,7.6,4,6,6,8,"https://www.google.com/maps?q=46.947595,7.4156853"
Lokero Bistro,"Bubenbergplatz None, Bern, 3011",0.676166694,9.3,6,8,8,8,"https://www.google.com/maps?q=46.9474604,7.4381533"
Ragazzi di Berna,"Eigerstrasse None, Bern, 3007",1.032218752,9,4,7,6,8,"https://www.google.com/maps?q=46.9399609,7.4402161"
Indian Kitchen,"Platanenweg None, Bern, 3013",1.085174658,8.9,6,9,10,6,"https://www.google.com/maps?q=46.9576217,7.4445968"
Bistro Fellergut,"Muhledorfstrasse None, Bern, 3018",4.294538609,5.7,7,8,7,8,"https://www.google.com/maps?q=46.9453599,7.3907225"
Weyerli Beizli,"Stockackerstrasse None, Bern, 3027",3.276365189,6.7,7,7,7,8,"https://www.google.com/maps?q=46.9485901,7.4039718"
Take Away 8.8,"Nageligasse 11, Bern, 3011",0.233686451,9.8,8,5,5,4,"https://www.google.com/maps?q=46.949521,7.4448812"
Galleria Luce,"Zeughausgasse None, Bern, 3011",0.214603536,9.8,6,8,7,8,"https://www.google.com/maps?q=46.9492153,7.4448098"
Sun Ramen,"None 1, Bern, 3008",2.384645199,7.6,5,8,6,8,"https://www.google.com/maps?q=46.9465666,7.415747"
Restaurant Wander,"Schwarzenburgstrasse None, Bern, 3008",2.244385164,7.8,4,9,8,7,"https://www.google.com/maps?q=46.9355448,7.4238007"
Punto,"Freiburgstrasse 18, Bern, 3010",1.766428778,8.2,6,6,7,7,"https://www.google.com/maps?q=46.9472818,7.423821"
Terrazza,"Freiburgstrasse 18, Bern, 3010",1.761165688,8.2,4,8,6,8,"https://www.google.com/maps?q=46.9472282,7.4238939"
Fauder,"Neubruckstrasse None, Bern, 3012",1.747467005,8.3,5,8,7,8,"https://www.google.com/maps?q=46.9605433,7.4331644"
OLYMPIA,"Militarstrasse 64, Bern, 3014",1.380408491,8.6,6,8,6,6,"https://www.google.com/maps?q=46.9589795,7.4554698"
Muna,"Thunstrasse 108, Bern, 3006",1.568963102,8.4,5,7,6,7,"https://www.google.com/maps?q=46.9412365,7.4650872"
Umai Bern,"Untermattweg None, Bern, 3027",3.549394543,6.5,4,8,7,7,"https://www.google.com/maps?q=46.947558,7.4003817"
BoulderBad Bistro,"Maulbeerstrasse 14, Bern, 3011",0.8443698,9.2,7,6,7,7,"https://www.google.com/maps?q=46.9466117,7.4360958"
Capitol Restaurant & Bar,"Rathausgasse 61, Bern, 3011",0.153536527,9.8,6,8,7,7,"https://www.google.com/maps?q=46.9483726,7.448942"
Famii Ramen,"Zieglerstrasse 30, Bern, 3007",1.376329537,8.6,5,8,6,7,"https://www.google.com/maps?q=46.9448852,7.4295033"
YIKOU Sushi tea,"Finstergasschen None, Bern, 3011",0.174923878,9.8,6,8,8,6,"https://www.google.com/maps?q=46.9475656,7.4492084"
Burrito Bandito,"Munstergasse 60, Bern, 3011",0.168248636,9.8,6,6,7,7,"https://www.google.com/maps?q=46.9475247,7.4490982"
Mondo,"Langgassstrasse None, Bern, 3012",1.376012746,8.6,6,7,7,7,"https://www.google.com/maps?q=46.9541325,7.4312989"
Mahataja,"Aarbergergasse None, Bern, 3011",0.448424255,9.6,4,6,7,8,"https://www.google.com/maps?q=46.9498673,7.4417788"
Gastwerk,"Viktoriastrasse 70, Bern, 3013",0.827938762,9.2,4,8,7,7,"https://www.google.com/maps?q=46.9546759,7.4518209"
Le Bistro,"Brunnen None, Bern, 3027",5.481399999,4.5,7,6,7,6,"https://www.google.com/maps?q=46.9452788,7.3751108"
Siesta alla Finestra,"Schlossstrasse None, Bern, 3008",2.74001496,7.3,5,7,6,6,"https://www.google.com/maps?q=46.9442216,7.4114353"
Dimelo Cantando,"Konizstrasse 71, Bern, 3008",2.267906212,7.7,4,7,7,8,"https://www.google.com/maps?q=46.9410209,7.4190093"
Contra Corrente,"Ostermundigenstrasse None, Bern, 3006",1.989385912,8,4,7,7,6,"https://www.google.com/maps?q=46.9537579,7.4717432"
Mikuri,"Brunnenstrasse None, Bern, 3018",4.481823612,5.5,6,6,8,7,"https://www.google.com/maps?q=46.9423864,7.3887057"
Moccaflor,"Brunnenstrasse None, Bern, 3018",4.365830532,5.6,6,7,6,6,"https://www.google.com/maps?q=46.9421237,7.3903015"
Mobilcity,"Wolflistrasse None, Bern, 3006",2.924037756,7.1,4,8,7,6,"https://www.google.com/maps?q=46.9659634,7.4750606"
Tong Fong,"Brunngasse 9, Bern, 3011",0.251632906,9.7,4,7,6,7,"https://www.google.com/maps?q=46.9488352,7.4500721"
Maruzzella,"Bruckenstrasse 12, Bern, 3005",0.407400234,9.6,5,7,7,7,"https://www.google.com/maps?q=46.9450186,7.4438883"
La Vie,"Weyermannsstrasse 1, Bern, 3008",2.245629452,7.8,6,6,8,6,"https://www.google.com/maps?q=46.9497795,7.4176168"
